Period,Month,Year,Sand_Area_km2,Sand_Percentage,Water_Area_km2,Water_Percentage,Total_AOI_km2
Jan_1988,Jan,1988,5.886041324,67.86454665,1.489379323,17.17216156,8.673219839
Feb_1988,Feb,1988,6.40525706,73.85097091,0.830729424,9.578097172,8.673219839
Mar_1988,Mar,1988,6.035847479,69.5917732,0.920442824,10.61246967,8.673219839
Sep_1988,Sep,1988,1.452304488,16.74469822,2.468252957,28.45832347,8.673219839
Oct_1988,Oct,1988,5.228716764,60.28576309,3.14263839,36.23381452,8.673219839
Jan_1989,Jan,1989,5.130037546,59.14801701,1.820366264,20.98835609,8.673219839
Feb_1989,Feb,1989,5.673218639,65.41075569,1.288750955,14.85896794,8.673219839
Mar_1989,Mar,1989,6.045104093,69.69849959,0.384790893,4.436540299,8.673219839
Oct_1989,Oct,1989,0.828215612,9.549113567,1.576074663,18.17173659,8.673219839
Nov_1989,Nov,1989,4.352345243,50.18142425,2.250438221,25.94697544,8.673219839
Dec_1989,Dec,1989,0,0,0,0,8.673219839
Jan_1990,Jan,1990,5.541866417,63.89629826,1.750752715,20.18572972,8.673219839
Feb_1990,Feb,1990,5.398243053,62.24035772,1.674540903,19.30702708,8.673219839
Apr_1990,Apr,1990,3.083279744,35.54942457,3.822168356,44.06862073,8.673219839
Aug_1990,Aug,1990,0.43115338,4.971087877,0.367696338,4.239444462,8.673219839
Dec_1990,Dec,1990,4.330450585,49.92898446,1.266643369,14.60407314,8.673219839
Jan_1991,Jan,1991,5.797315813,66.84156427,1.658557766,19.12274561,8.673219839
Feb_1991,Feb,1991,6.100310644,70.33501695,1.028477211,11.85807843,8.673219839
Oct_1991,Oct,1991,1.718952721,19.81908395,2.711020687,31.25737313,8.673219839
Nov_1991,Nov,1991,4.350947851,50.16531267,2.434322116,28.06710957,8.673219839
Dec_1991,Dec,1991,4.99745177,57.61933703,2.01570024,23.24050673,8.673219839
Jan_1992,Jan,1992,5.433088029,62.64211134,1.663926659,19.18464757,8.673219839
Mar_1992,Mar,1992,3.860019681,44.5050368,0,0,8.673219839
Apr_1992,Apr,1992,6.018893713,69.39630063,0.327672752,3.777982774,8.673219839
May_1992,May,1992,0,0,0,0,8.673219839
Jul_1992,Jul,1992,0,0,0,0,8.673219839
Aug_1992,Aug,1992,0,0,0.049821029,0.574423681,8.673219839
Nov_1992,Nov,1992,4.560498291,52.58137549,2.264809991,26.11267825,8.673219839
Dec_1992,Dec,1992,5.086352388,58.64433834,1.538929779,17.74346561,8.673219839
Jan_1993,Jan,1993,4.969020262,57.29152903,1.611762511,18.58320833,8.673219839
Mar_1993,Mar,1993,6.291387185,72.53808046,0.916323621,10.5649763,8.673219839
Apr_1993,Apr,1993,6.428647932,74.12066166,0.231851962,2.673193651,8.673219839
Oct_1993,Oct,1993,4.292424044,49.49054819,2.727158621,31.44343937,8.673219839
Nov_1993,Nov,1993,4.695721563,54.14046514,2.256666653,26.01878765,8.673219839
Jan_1994,Jan,1994,5.674217888,65.42227677,1.7038212,19.64462139,8.673219839
Feb_1994,Feb,1994,6.38862292,73.65918354,1.239090546,14.28639616,8.673219839
Mar_1994,Mar,1994,6.440050763,74.25213338,0.637790035,7.353555501,8.673219839
Jul_1994,Jul,1994,1.987301304,22.91307428,2.182651471,25.16541159,8.673219839
Oct_1994,Oct,1994,3.417318354,39.40080406,2.755125961,31.76589562,8.673219839
Nov_1994,Nov,1994,3.936832271,45.39066626,1.626559733,18.7538165,8.673219839
Dec_1994,Dec,1994,5.48478032,63.2381102,1.589038655,18.32120809,8.673219839
Jan_1995,Jan,1995,5.164443213,59.54470553,1.331655673,15.35364833,8.673219839
Feb_1995,Feb,1995,5.624598184,64.85017431,0.944059951,10.88476907,8.673219839
Mar_1995,Mar,1995,0.272223147,3.138663055,0,0,8.673219839
Apr_1995,Apr,1995,2.175288369,25.08051691,0,0,8.673219839
Nov_1995,Nov,1995,3.934263488,45.36104885,3.141063719,36.21565897,8.673219839
Feb_1996,Feb,1996,5.491883642,63.32000968,1.780750556,20.53159714,8.673219839
May_1996,May,1996,0.732774827,8.448705798,1.269204966,14.63360769,8.673219839
Oct_1996,Oct,1996,3.848958436,44.37750348,2.995320278,34.53527449,8.673219839
Nov_1996,Nov,1996,3.872853189,44.65300385,3.057403445,35.25107747,8.673219839
Dec_1996,Dec,1996,4.540300582,52.34850109,2.28158117,26.30604564,8.673219839
Jan_1997,Jan,1997,4.612894549,53.18549091,1.885413402,21.73833291,8.673219839
Apr_1997,Apr,1997,0,0,0,0,8.673219839
May_1997,May,1997,4.636184152,53.45401405,0.738847967,8.518727542,8.673219839
Jun_1997,Jun,1997,1.547116046,17.83785117,0.765056301,8.820902908,8.673219839
Sep_1997,Sep,1997,2.455644324,28.31294917,3.949448791,45.5361315,8.673219839
Jan_1998,Jan,1998,3.558068419,41.0236162,0.411935669,4.749512599,8.673219839
Feb_1998,Feb,1998,5.824425468,67.15413164,1.357586923,15.65262899,8.673219839
Mar_1998,Mar,1998,4.222269765,48.68168735,0.539877099,6.224644467,8.673219839
Apr_1998,Apr,1998,5.359552179,61.79426186,1.6003052,18.45110846,8.673219839
May_1998,May,1998,0.90999044,10.49195635,0.014608352,0.168430548,8.673219839
Sep_1998,Sep,1998,3.18710918,36.74655133,3.549564445,40.92556756,8.673219839
Oct_1998,Oct,1998,2.784305674,32.10233023,3.701452716,42.67680037,8.673219839
Jan_1999,Jan,1999,5.740976607,66.19198768,1.7190425,19.82011908,8.673219839
Feb_1999,Feb,1999,5.997473781,69.1493343,1.372880328,15.82895803,8.673219839
Mar_1999,Mar,1999,6.320888148,72.878219,0.717922679,8.277464336,8.673219839
Oct_1999,Oct,1999,3.342448122,38.53756949,3.912811424,45.11371206,8.673219839
Nov_1999,Nov,1999,4.899384551,56.48864715,2.471464948,28.4953569,8.673219839
Dec_1999,Dec,1999,5.430368238,62.61075285,2.03943609,23.51417499,8.673219839
Jan_2000,Jan,2000,5.458446675,62.93449003,1.38628587,15.98352049,8.673219839
Feb_2000,Feb,2000,6.144265695,70.84180741,0.925370721,10.66928705,8.673219839
Oct_2000,Oct,2000,4.267447811,49.20257863,2.377121685,27.40760328,8.673219839
Nov_2000,Nov,2000,5.051397937,58.24132249,2.001984909,23.08237247,8.673219839
Dec_2000,Dec,2000,5.717074674,65.91640452,1.563540351,18.02721918,8.673219839
Jan_2001,Jan,2001,5.996825443,69.14185913,1.131074987,13.04100447,8.673219839
Feb_2001,Feb,2001,6.380925017,73.57042869,0.612191347,7.058409196,8.673219839
Mar_2001,Mar,2001,5.812609967,67.01790194,0.070369722,0.811344846,8.673219839
Apr_2001,Apr,2001,6.222359137,71.74220477,0.023434284,0.270191279,8.673219839
May_2001,May,2001,3.314909802,38.22005972,1.619854318,18.67650478,8.673219839
Sep_2001,Sep,2001,2.206794127,25.44377023,4.284342938,49.39737512,8.673219839
Dec_2001,Dec,2001,5.618767832,64.78295185,1.819191662,20.97481323,8.673219839
Feb_2002,Feb,2002,6.210495095,71.60541541,1.200856661,13.84556927,8.673219839
Mar_2002,Mar,2002,6.574789362,75.80563487,1.064827045,12.27718269,8.673219839
May_2002,May,2002,3.002795071,34.62145693,1.284373802,14.80850048,8.673219839
Oct_2002,Oct,2002,4.70218507,54.21498771,2.486224732,28.66553342,8.673219839
Nov_2002,Nov,2002,4.203384921,48.46394995,2.875187734,33.15017707,8.673219839
Dec_2002,Dec,2002,5.118919083,59.01982399,1.926516866,22.2122453,8.673219839
Jan_2003,Jan,2003,5.960179772,68.71934395,1.556903631,17.95069951,8.673219839
Feb_2003,Feb,2003,6.220186115,71.71715039,1.238386663,14.27828057,8.673219839
Mar_2003,Mar,2003,6.169711511,71.13519115,0.648903524,7.481691185,8.673219839
Apr_2003,Apr,2003,5.762897612,66.44473124,0.118505874,1.366342331,8.673219839
May_2003,May,2003,4.175329874,48.14048245,1.323344689,15.25782482,8.673219839
Nov_2003,Nov,2003,3.818782076,44.0295778,2.425308348,27.96318314,8.673219839
Dec_2003,Dec,2003,5.167086468,59.57518159,2.131596655,24.57676266,8.673219839
Jan_2004,Jan,2004,4.530555863,52.23614698,1.402093532,16.16577878,8.673219839
Feb_2004,Feb,2004,5.546044932,63.94447547,1.283214774,14.7951372,8.673219839
Mar_2004,Mar,2004,6.241405716,71.96180694,0.308996577,3.562651275,8.673219839
May_2004,May,2004,0.631095724,7.276371819,0,0,8.673219839
Sep_2004,Sep,2004,1.178435678,13.58706109,2.736392373,31.54990215,8.673219839
Oct_2004,Oct,2004,1.537645832,17.72866203,5.532283009,63.78580402,8.673219839
Nov_2004,Nov,2004,4.198209737,48.4042814,2.966192865,34.19944288,8.673219839
Dec_2004,Dec,2004,4.848863033,55.906147,2.255882279,26.00974403,8.673219839
Jan_2005,Jan,2005,4.418385657,50.94285327,1.626126091,18.74881671,8.673219839
Feb_2005,Feb,2005,5.892038052,67.9336874,1.128282474,13.00880752,8.673219839
Mar_2005,Mar,2005,5.562484277,64.1340169,1.068728669,12.32216742,8.673219839
Apr_2005,Apr,2005,3.38253555,38.99976724,8.11E-04,0.009355105,8.673219839
Oct_2005,Oct,2005,3.062438146,35.30912629,3.890779149,44.85968558,8.673219839
Nov_2005,Nov,2005,4.095963136,47.22540432,2.709010338,31.23419432,8.673219839
Dec_2005,Dec,2005,5.357538842,61.7710486,2.248457936,25.92414325,8.673219839
Jan_2006,Jan,2006,5.067757158,58.42994012,1.520256392,17.52816624,8.673219839
Feb_2006,Feb,2006,5.839523478,67.32820782,1.358231882,15.6600652,8.673219839
Mar_2006,Mar,2006,5.975968686,68.90138607,1.203989396,13.8816889,8.673219839
Apr_2006,Apr,2006,5.013208775,57.80101126,0.134643248,1.552402117,8.673219839
May_2006,May,2006,3.756775074,43.31465297,1.437101474,16.56941137,8.673219839
Oct_2006,Oct,2006,3.097035569,35.7080257,3.530169593,40.7019499,8.673219839
Nov_2006,Nov,2006,4.937969404,56.9335206,2.286944213,26.36788016,8.673219839
Dec_2006,Dec,2006,5.379306309,62.02202192,1.813961534,20.9145112,8.673219839
Jan_2007,Jan,2007,5.276482677,60.83649181,1.253302799,14.45025979,8.673219839
Feb_2007,Feb,2007,5.866525526,67.63953451,1.494126981,17.22690083,8.673219839
Mar_2007,Mar,2007,6.049847586,69.75319083,0.298536041,3.442043974,8.673219839
Apr_2007,Apr,2007,4.019906853,46.34849488,1.319895833,15.21806039,8.673219839
May_2007,May,2007,4.426158431,51.03247137,0.332085099,3.828856009,8.673219839
Aug_2007,Aug,2007,0,0,0.048466305,0.558804068,8.673219839
Sep_2007,Sep,2007,2.828202109,32.60844486,5.000507461,57.65456836,8.673219839
Oct_2007,Oct,2007,3.302623691,38.07840401,3.89792845,44.94211518,8.673219839
Dec_2007,Dec,2007,4.319092808,49.79803219,2.176999403,25.1002447,8.673219839
Jan_2008,Jan,2008,4.739340263,54.64337756,2.048261135,23.61592549,8.673219839
Feb_2008,Feb,2008,5.006276637,57.72108548,1.935844175,22.31978678,8.673219839
Mar_2008,Mar,2008,5.131242919,59.16191466,0.611980091,7.055973468,8.673219839
Apr_2008,Apr,2008,4.691437849,54.09107501,1.366926815,15.76031555,8.673219839
May_2008,May,2008,3.892800514,44.8829914,0.811867333,9.360622099,8.673219839
Oct_2008,Oct,2008,3.911281019,45.09606688,3.15676973,36.39674525,8.673219839
Nov_2008,Nov,2008,4.127996906,47.59474546,2.91695965,33.63179654,8.673219839
Dec_2008,Dec,2008,4.580107984,52.80747022,2.331682141,26.88369699,8.673219839
Jan_2009,Jan,2009,4.942204969,56.98235559,1.786770932,20.60101052,8.673219839
Feb_2009,Feb,2009,5.787896844,66.73296597,1.227784992,14.15604602,8.673219839
Mar_2009,Mar,2009,5.65328483,65.18092399,0.391530609,4.514247493,8.673219839
Apr_2009,Apr,2009,1.379699373,15.90757987,0.001622806,0.018710533,8.673219839
May_2009,May,2009,3.407878946,39.2919701,2.447051102,28.21387152,8.673219839
Jun_2009,Jun,2009,2.129060859,24.54752559,1.235690339,14.24719265,8.673219839
Oct_2009,Oct,2009,3.229016594,37.22973306,3.598723645,41.49236053,8.673219839
Nov_2009,Nov,2009,3.464141794,39.94066631,2.676173637,30.85559558,8.673219839
Dec_2009,Dec,2009,4.332981472,49.95816493,1.956681633,22.56003733,8.673219839
Jan_2010,Jan,2010,5.533441867,63.79916536,1.767384641,20.37749157,8.673219839
Feb_2010,Feb,2010,5.637206864,64.99554916,1.473904104,16.99373625,8.673219839
Mar_2010,Mar,2010,5.509277791,63.52055976,0.911870199,10.51362949,8.673219839
May_2010,May,2010,0.338251134,3.899948807,0.052609442,0.60657337,8.673219839
Oct_2010,Oct,2010,3.435610122,39.61170345,3.595695077,41.45744192,8.673219839
Nov_2010,Nov,2010,4.277181265,49.31480286,2.494379135,28.7595516,8.673219839
Dec_2010,Dec,2010,4.962530409,57.21670269,1.945791799,22.43448034,8.673219839
Jan_2011,Jan,2011,4.217894267,48.63123898,1.698571411,19.58409267,8.673219839
Feb_2011,Feb,2011,5.526198546,63.71565172,1.378880368,15.89813695,8.673219839
Mar_2011,Mar,2011,5.823349931,67.14173097,0.793415942,9.147882298,8.673219839
Apr_2011,Apr,2011,4.616731296,53.22972762,1.303031518,15.02361917,8.673219839
Aug_2011,Aug,2011,1.656517201,19.09921842,4.830834063,55.69827761,8.673219839
Sep_2011,Sep,2011,1.746385151,20.13537283,5.211891757,60.09177507,8.673219839
Oct_2011,Oct,2011,2.57467901,29.68538856,3.352858796,38.65760189,8.673219839
Nov_2011,Nov,2011,4.447674561,51.28054683,2.618429464,30.18982007,8.673219839
Jan_2012,Jan,2012,4.465278078,51.48351087,1.540893135,17.7661026,8.673219839
Feb_2012,Feb,2012,4.821606599,55.59188731,1.175071614,13.54827429,8.673219839
Mar_2012,Mar,2012,5.045434744,58.17256841,0.060207604,0.69417823,8.673219839
Apr_2012,Apr,2012,4.151421308,47.86482281,0.001623026,0.018713073,8.673219839
May_2012,May,2012,0.816215475,9.410755056,0.653616349,7.536028852,8.673219839
Sep_2012,Sep,2012,2.384921615,27.49753447,3.939393828,45.42020036,8.673219839
Oct_2012,Oct,2012,2.820798415,32.52308217,3.061125163,35.29398793,8.673219839
Nov_2012,Nov,2012,4.383804262,50.54413866,2.278357322,26.26887551,8.673219839
Dec_2012,Dec,2012,1.446501581,16.67779219,0.77214207,8.902600013,8.673219839
Jun_2013,Jun,2013,2.915221367,33.61175458,1.904141247,21.95426015,8.673219839
Sep_2013,Sep,2013,2.323606808,26.79059047,2.710400925,31.25022743,8.673219839
Nov_2013,Nov,2013,3.70603022,42.72957781,3.020451485,34.82503086,8.673219839
Dec_2013,Dec,2013,4.611363471,53.16783798,1.937942284,22.34397744,8.673219839
Jan_2014,Jan,2014,5.282780432,60.90910331,1.583197142,18.25385695,8.673219839
Feb_2014,Feb,2014,5.416408706,62.44980304,1.336018724,15.40395319,8.673219839
Mar_2014,Mar,2014,5.503416139,63.45297642,0.571518971,6.589467139,8.673219839
Apr_2014,Apr,2014,0.633715269,7.306574503,0.002432717,0.028048606,8.673219839
May_2014,May,2014,0.323265572,3.727169127,0,0,8.673219839
Jul_2014,Jul,2014,0.385931117,4.44968679,0.637148096,7.346154109,8.673219839
Oct_2014,Oct,2014,3.184343292,36.71466135,3.877294877,44.70421538,8.673219839
Nov_2014,Nov,2014,4.462510798,51.45160484,2.577471724,29.71758783,8.673219839
Jan_2015,Jan,2015,6.029748533,69.52145391,1.409689953,16.25336356,8.673219839
Feb_2015,Feb,2015,5.929342289,68.36379567,0.858819111,9.901964057,8.673219839
Mar_2015,Mar,2015,6.384305054,73.60939965,0.983011383,11.3338691,8.673219839
Apr_2015,Apr,2015,0.822963446,9.488557435,0.204463798,2.357415142,8.673219839
May_2015,May,2015,3.375377403,38.91723564,2.984913275,34.41528441,8.673219839
Sep_2015,Sep,2015,0.293113228,3.379520337,0.854598732,9.853304167,8.673219839
Oct_2015,Oct,2015,2.949951416,34.01218315,3.133630053,36.12995071,8.673219839
Nov_2015,Nov,2015,4.796202731,55.29898723,2.1948686,25.30627196,8.673219839
Dec_2015,Dec,2015,5.559183867,64.09596402,1.620155414,18.67997634,8.673219839
Jan_2016,Jan,2016,5.518902091,63.63152547,0.854998553,9.857914004,8.673219839
Feb_2016,Feb,2016,5.824775771,67.15817054,0.153360815,1.768210861,8.673219839
Mar_2016,Mar,2016,4.782183346,55.13734731,0.089140088,1.027762345,8.673219839
Sep_2016,Sep,2016,3.61196669,41.64504945,3.814405744,43.97911981,8.673219839
Oct_2016,Oct,2016,0.364320869,4.200526164,0.601634235,6.936688407,8.673219839
Nov_2016,Nov,2016,4.499874232,51.88239565,2.363837053,27.25443488,8.673219839
Dec_2016,Dec,2016,5.600773607,64.57548305,1.965200603,22.65825886,8.673219839
Jan_2017,Jan,2017,5.380589814,62.03682039,1.410875275,16.26703002,8.673219839
Feb_2017,Feb,2017,5.969063467,68.82177067,0.986806769,11.37762893,8.673219839
Mar_2017,Mar,2017,5.199777776,59.95210398,0.157736589,1.818662413,8.673219839
Jun_2017,Jun,2017,2.051504203,23.65331723,1.206048735,13.90543255,8.673219839
Oct_2017,Oct,2017,1.05377919,12.14980376,4.2023238,48.45171548,8.673219839
Nov_2017,Nov,2017,2.763284537,31.85996191,3.985892114,45.95631367,8.673219839
Dec_2017,Dec,2017,4.338116345,50.0173687,2.910511163,33.55744714,8.673219839
Jan_2018,Jan,2018,4.67796277,53.9357108,1.940495168,22.37341154,8.673219839
Feb_2018,Feb,2018,5.34631923,61.64168936,0.702342586,8.097829863,8.673219839
Mar_2018,Mar,2018,5.280076934,60.87793267,0.919948061,10.60676517,8.673219839
May_2018,May,2018,1.707069813,19.68207706,3.249806431,37.46943456,8.673219839
Sep_2018,Sep,2018,1.564261684,18.03553598,4.110289673,47.39058562,8.673219839
Oct_2018,Oct,2018,1.488826791,17.165791,2.347025852,27.06060605,8.673219839
Nov_2018,Nov,2018,4.081202584,47.05521894,2.172553157,25.04898062,8.673219839
Dec_2018,Dec,2018,4.739816102,54.64886386,2.039834104,23.51876399,8.673219839
Jan_2019,Jan,2019,5.471372241,63.08351849,1.582313053,18.24366363,8.673219839
Feb_2019,Feb,2019,6.026943874,69.48911691,1.048545358,12.08945902,8.673219839
Mar_2019,Mar,2019,4.009805423,46.23202798,0.091753877,1.057898669,8.673219839
Apr_2019,Apr,2019,4.003560421,46.16002471,1.459467155,16.82728194,8.673219839
May_2019,May,2019,1.967773283,22.68792121,2.223566022,25.63714588,8.673219839
Jul_2019,Jul,2019,0.014598389,0.168315685,0.636493601,7.338607957,8.673219839
Sep_2019,Sep,2019,2.336579676,26.94016432,3.923688828,45.23912573,8.673219839
Oct_2019,Oct,2019,1.952445813,22.51119941,1.701670972,19.61982982,8.673219839
Nov_2019,Nov,2019,2.417801711,27.87663354,1.52593785,17.593672,8.673219839
Dec_2019,Dec,2019,4.327341013,49.89313189,2.21166392,25.4999177,8.673219839
Jan_2020,Jan,2020,4.816807834,55.53655878,1.722935702,19.8650067,8.673219839
Feb_2020,Feb,2020,5.237500477,60.38703704,1.493894837,17.22422427,8.673219839
Mar_2020,Mar,2020,6.118035962,70.53938532,1.026526914,11.83559201,8.673219839
May_2020,May,2020,3.157136305,36.40097177,0.222288133,2.562925153,8.673219839
Jun_2020,Jun,2020,1.237832552,14.27189181,1.843503561,21.25512319,8.673219839
Oct_2020,Oct,2020,0.170780162,1.969051467,1.394865153,16.08243743,8.673219839
Nov_2020,Nov,2020,5.409818008,62.37381398,2.203094043,25.40110921,8.673219839
Dec_2020,Dec,2020,5.385801801,62.09691327,1.805774956,20.82012205,8.673219839
Jan_2021,Jan,2021,0.396807001,4.575082938,0.010543065,0.121558839,8.673219839
Feb_2021,Feb,2021,4.488473114,51.75094368,0.634349339,7.313885163,8.673219839
Mar_2021,Mar,2021,5.908461421,68.12304462,0.537751675,6.200138871,8.673219839
Apr_2021,Apr,2021,3.795041199,43.75585157,1.597388206,18.41747628,8.673219839
Sep_2021,Sep,2021,5.384232936,62.07882465,2.870848016,33.10014123,8.673219839
Oct_2021,Oct,2021,4.010981657,46.24558966,2.590185953,29.86417964,8.673219839
Nov_2021,Nov,2021,4.068122858,46.90441305,2.293650309,26.44519972,8.673219839
Dec_2021,Dec,2021,5.099642269,58.79756726,1.904785828,21.96169201,8.673219839
Jan_2022,Jan,2022,5.314402645,61.27369932,1.424987332,16.42973841,8.673219839
Feb_2022,Feb,2022,5.630912513,64.92297691,1.404056639,16.1884129,8.673219839
Mar_2022,Mar,2022,5.797678981,66.8457515,1.048160257,12.08501891,8.673219839
Apr_2022,Apr,2022,3.697120161,42.62684712,2.412514562,27.81567407,8.673219839
May_2022,May,2022,2.773856606,31.98185515,1.297701987,14.96217104,8.673219839
Aug_2022,Aug,2022,2.623238943,30.24527214,1.183258725,13.64266958,8.673219839
Sep_2022,Sep,2022,3.241989346,37.37930557,3.132683655,36.11903899,8.673219839
Oct_2022,Oct,2022,3.70683974,42.73891137,2.667404021,30.75448415,8.673219839
Nov_2022,Nov,2022,4.48868595,51.75339763,2.800445174,32.28841452,8.673219839
Dec_2022,Dec,2022,4.855467887,55.98229927,2.431607712,28.0358132,8.673219839
Jan_2023,Jan,2023,4.840029906,55.80430332,2.059462074,23.74506945,8.673219839
Feb_2023,Feb,2023,5.085587482,58.63551918,1.277990328,14.73490067,8.673219839
Mar_2023,Mar,2023,5.717328885,65.91933551,1.4225177,16.40126419,8.673219839
Apr_2023,Apr,2023,4.582987663,52.84067218,1.19141058,13.73665838,8.673219839
May_2023,May,2023,4.522600277,52.14442111,0.495318675,5.710897275,8.673219839
Jun_2023,Jun,2023,0.77326396,8.915535113,0,0,8.673219839
Aug_2023,Aug,2023,1.3642491,15.72944218,4.893754692,56.42373632,8.673219839
Sep_2023,Sep,2023,0.036497035,0.420801453,0.034823882,0.401510424,8.673219839
Oct_2023,Oct,2023,2.101531193,24.2301156,2.655550925,30.61782099,8.673219839
Nov_2023,Nov,2023,6.188864431,71.35601941,2.828183148,32.60822625,8.673219839
Dec_2023,Dec,2023,6.155058545,70.96624621,2.516502398,29.01462715,8.673219839
Jan_2024,Jan,2024,4.247901805,48.97721819,2.004907976,23.11607469,8.673219839
Feb_2024,Feb,2024,0.376924165,4.345838943,0.121634611,1.402415861,8.673219839
Mar_2024,Mar,2024,4.324719151,49.86290249,1.734073021,19.99341713,8.673219839
Apr_2024,Apr,2024,3.584974259,41.33383364,0.31831977,3.670145293,8.673219839
May_2024,May,2024,3.262456332,37.61528467,1.683514782,19.4104936,8.673219839
Aug_2024,Aug,2024,0.064917991,0.748487788,0.496600584,5.725677356,8.673219839
Sep_2024,Sep,2024,2.28844555,26.38519019,2.847260447,32.82818261,8.673219839
Oct_2024,Oct,2024,0.814810754,9.394558991,3.283235617,37.85486449,8.673219839
Nov_2024,Nov,2024,4.086480147,47.11606788,2.615851395,30.1600956,8.673219839
Dec_2024,Dec,2024,3.563973802,41.09170375,1.44260169,16.63282745,8.673219839
Jan_2025,Jan,2025,4.219073871,48.64483951,1.906625664,21.98290484,8.673219839
Feb_2025,Feb,2025,4.186449449,48.2686883,1.514603396,17.46298865,8.673219839
Mar_2025,Mar,2025,4.400552567,50.73724233,1.306529147,15.06394593,8.673219839
Apr_2025,Apr,2025,0.147608281,1.701885619,0.022722034,0.261979224,8.673219839
May_2025,May,2025,0.640182335,7.381138115,0.722124928,8.325915192,8.673219839
Jun_2025,Jun,2025,1.16132519,13.38978155,2.787625265,32.14060426,8.673219839
Sep_2025,Sep,2025,0,0,0,0,8.673219839
Oct_2025,Oct,2025,2.322252815,26.77497928,3.303523836,38.08878245,8.673219839
Nov_2025,Nov,2025,3.314989309,38.22097642,2.854058395,32.90656121,8.673219839
Dec_2025,Dec,2025,3.378762183,38.9562613,2.416641794,27.86326,8.673219839
